[
    {
     "tenantId": null,
     "applicationName": "hpm-fp-cloudmonitoring-webapp-ms",
     "displayName": "Cloudmonitoring webapp",
     "totalRecords": 24,
     "status": [
       {
         "date": "2023-02-20T05:06:32",
         "status": "UP"
       },
       {
         "date": "2023-02-20T06:06:32",
         "status": "UP"
       },
       {
         "date": "2023-02-20T07:06:32",
         "status": "UP"
       },
       {
         "date": "2023-02-20T08:06:32",
         "status": "UP"
       },
       {
         "date": "2023-02-20T09:06:32",
         "status": "UP"
       },
       {
         "date": "2023-02-20T10:06:32",
         "status": "UP"
       },
       {
         "date": "2023-02-20T11:06:32",
         "status": "UP"
       },
       {
         "date": "2023-02-20T12:06:32",
         "status": "UP"
       },
       {
         "date": "2023-02-20T13:06:32",
         "status": "UP"
       },
       {
         "date": "2023-02-20T14:06:32",
         "status": "UP"
       },
       {
         "date": "2023-02-20T15:06:32",
         "status": "UP"
       },
       {
         "date": "2023-02-20T16:06:32",
         "status": "UP"
       },
       {
         "date": "2023-02-20T17:06:32",
         "status": "UP"
       },
       {
         "date": "2023-02-20T18:06:32",
         "status": "UP"
       },
       {
         "date": "2023-02-20T19:06:32",
         "status": "UP"
       },
       {
         "date": "2023-02-20T20:06:32",
         "status": "UP"
       },
       {
         "date": "2023-02-20T21:06:32",
         "status": "UP"
       },
       {
         "date": "2023-02-20T22:06:32",
         "status": "UP"
       },
       {
         "date": "2023-02-20T23:06:32",
         "status": "UP"
       },
       {
         "date": "2023-02-21T00:06:32",
         "status": "UP"
       },
       {
         "date": "2023-02-21T01:06:32",
         "status": "UP"
       },
       {
         "date": "2023-02-21T02:06:32",
         "status": "UP"
       },
       {
         "date": "2023-02-21T03:06:32",
         "status": "UP"
       },
       {
         "date": "2023-02-21T04:06:32",
         "status": "UP"
       }
     ]
   }

 ]