[
    {
        "tenantId": "f8da2865-f108-40f6-8392-d0e17f030fa7",
        "applicationName": "web-socket-client-connection",
        "displayName": "Web socket client connection",
        "totalRecords": 3,
        "status": [
            {
                "date": "2023-03-02T00:00:00",
                "status": "DOWN"
            },
            {
                "date": "2023-03-03T00:00:00",
                "status": "DOWN"
            },
            {
                "date": "2023-03-04T00:00:00",
                "status": "DOWN"
            },
            {
                "date": "2023-03-05T00:00:00",
                "status": "DOWN"
            },
            {
                "date": "2023-03-06T00:00:00",
                "status": "DOWN"
            },
            {
                "date": "2023-03-07T00:00:00",
                "status": "DOWN"
            },
            {
                "date": "2023-03-08T00:00:00",
                "status": "DOWN"
            },
            {
                "date": "2023-03-09T00:00:00",
                "status": "DOWN"
            },
            {
                "date": "2023-03-10T00:00:00",
                "status": "DOWN"
            },
            {
                "date": "2023-03-11T00:00:00",
                "status": "DOWN"
            },
            {
                "date": "2023-03-12T00:00:00",
                "status": "DOWN"
            },
            {
                "date": "2023-03-13T00:00:00",
                "status": "DOWN"
            },
            {
                "date": "2023-03-14T00:00:00",
                "status": "DOWN"
            },
            {
                "date": "2023-03-15T00:00:00",
                "status": "DOWN"
            },
            {
                "date": "2023-03-16T00:00:00",
                "status": "DOWN"
            },
            {
                "date": "2023-03-17T00:00:00",
                "status": "DOWN"
            },
            {
                "date": "2023-03-18T00:00:00",
                "status": "DOWN"
            },
            {
                "date": "2023-03-19T00:00:00",
                "status": "DOWN"
            },
            {
                "date": "2023-03-20T00:00:00",
                "status": "DOWN"
            },
            {
                "date": "2023-03-21T00:00:00",
                "status": "DOWN"
            },
            {
                "date": "2023-03-22T00:00:00",
                "status": "DOWN"
            },
            {
                "date": "2023-03-23T00:00:00",
                "status": "DOWN"
            },
            {
                "date": "2023-03-24T00:00:00",
                "status": "DOWN"
            },
            {
                "date": "2023-03-25T00:00:00",
                "status": "DOWN"
            },
            {
                "date": "2023-03-26T00:00:00",
                "status": "DOWN"
            },
            {
                "date": "2023-03-27T00:00:00",
                "status": "DOWN"
            },
            {
                "date": "2023-03-28T00:00:00",
                "status": "DOWN"
            },
            {
                "date": "2023-03-29T00:00:00",
                "status": "DOWN"
            },
            {
                "date": "2023-03-30T00:00:00",
                "status": "DOWN"
            },
            {
                "date": "2023-03-31T00:00:00",
                "status": "DOWN"
            },
            {
                "date": "2023-04-01T00:00:00",
                "status": "DOWN"
            },
            {
                "date": "2023-04-02T00:00:00",
                "status": "DOWN"
            },
            {
                "date": "2023-04-03T00:00:00",
                "status": "DOWN"
            },
            {
                "date": "2023-04-04T00:00:00",
                "status": "DOWN"
            },
            {
                "date": "2023-04-05T00:00:00",
                "status": "DOWN"
            },
            {
                "date": "2023-04-06T00:00:00",
                "status": "DOWN"
            },
            {
                "date": "2023-04-07T00:00:00",
                "status": "DOWN"
            },
            {
                "date": "2023-04-08T00:00:00",
                "status": "DOWN"
            },
            {
                "date": "2023-04-09T00:00:00",
                "status": "DOWN"
            },
            {
                "date": "2023-04-10T00:00:00",
                "status": "DOWN"
            },
            {
                "date": "2023-04-11T00:00:00",
                "status": "DOWN"
            },
            {
                "date": "2023-04-12T00:00:00",
                "status": "DOWN"
            },
            {
                "date": "2023-04-13T00:00:00",
                "status": "DOWN"
            },
            {
                "date": "2023-04-14T00:00:00",
                "status": "DOWN"
            },
            {
                "date": "2023-04-15T00:00:00",
                "status": "DOWN"
            },
            {
                "date": "2023-04-16T00:00:00",
                "status": "DOWN"
            },
            {
                "date": "2023-04-17T00:00:00",
                "status": "DOWN"
            },
            {
                "date": "2023-04-18T00:00:00",
                "status": "DOWN"
            }
        ]
    }
]