[
{
    "data": [
        {
            "tenantName": "404d9959-4c79-5f7b-a63d-6fee8f43e646",
            "isCloudEnabled": true,
            "tenantId": "3cc9becc-0f9e-4073-b874-198d21cddca0"
        },
        {
            "tenantName": "754e7175-42e1-5e74-9288-952e32c4f8f7",
            "isCloudEnabled": true,
            "tenantId": "62c490b6-9af5-445e-9edc-62ea5131d3fe"
        },
        {
            "tenantName": "philips_healthcare_01f13170-87fa-5c74-b07d-941b158ebea0",
            "isCloudEnabled": true,
            "tenantId": "f8da2865-f108-40f6-8392-d0e17f030fa7"
        },
        {
            "tenantName": "philips_healthcare_02e3708f-f41b-512d-b4fa-f8a64945743b",
            "isCloudEnabled": true,
            "tenantId": "f5ad1b79-c369-499c-83c0-d76f6e643488"
        },
        {
            "tenantName": "philips_healthcare_08139e11-1827-5138-a127-ad4f387c1991",
            "isCloudEnabled": true,
            "tenantId": "43623020-c2fd-45ae-ab84-e931fdf44056"
        },
        {
            "tenantName": "philips_healthcare_0c6d7e39-5ae4-5fb3-a8bb-eb2e665c2640",
            "isCloudEnabled": true,
            "tenantId": "180216fb-eb83-41a1-8ed9-22993bab171e"
        },
        {
            "tenantName": "philips_healthcare_0d3372bd-fa2a-5f83-a346-e35190f23a62",
            "isCloudEnabled": true,
            "tenantId": "eec4ad83-8738-4793-a10d-7ba8b034a4fe"
        },
        {
            "tenantName": "philips_healthcare_0d837890-f85c-5142-8f1b-07e6d239cd90",
            "isCloudEnabled": true,
            "tenantId": "f83a6962-9321-4c26-b6ee-aed45b45c914"
        },
        {
            "tenantName": "philips_healthcare_168044e4-773d-5de6-9b53-77fc1b5f4616",
            "isCloudEnabled": true,
            "tenantId": "0871f452-1a38-423a-927d-d998d7725186"
        },
        {
            "tenantName": "philips_healthcare_18f0685b-3a3e-586b-86e1-d2b0330303e4",
            "isCloudEnabled": true,
            "tenantId": "7bb408b7-0274-4ed3-850f-d7788321ca87"
        }
    ],
    "total": 88,
    "Details": null
}
]